<?xml version="1.0" encoding="UTF-8"?>
<Configuration>
	<Appenders>
		<Console name="STDOUT" target="SYSTEM_OUT">
			<PatternLayout pattern="%d{ABSOLUTE} %-5p [%c{1}] %m%n" />
		</Console>
		<Routing name="Routing">
			<Routes pattern="$${ctx:ROUTINGKEY}">
	
				<!-- This route is chosen if ThreadContext has no value for key ROUTINGKEY. -->
				<Route key="$${ctx:ROUTINGKEY}">
					<RollingFile name="Rolling-default" fileName="/var/log/apotik-default.log"
						filePattern="/var/log/${date:yyyy-MM}/pass-default-%d{yyyy-MM-dd}-%i.log.gz">
						<PatternLayout>
							<pattern>%d %-5p [%c] %m%n</pattern>
						</PatternLayout>
						<Policies>
							<TimeBasedTriggeringPolicy interval="6" modulate="true" />
							<SizeBasedTriggeringPolicy size="250 MB" />
						</Policies>
					</RollingFile>
				</Route>
	
				<!-- This route is chosen if ThreadContext has a value for ROUTINGKEY 
					(other than the value 'special' which had its own route above). The value 
					dynamically determines the name of the log file. -->
				<Route>
					<RollingFile name="Rolling-${ctx:ROUTINGKEY}" fileName="/var/log/apotik-${ctx:ROUTINGKEY}.log"
						filePattern="/var/log/${date:yyyy-MM}/pass-${ctx:ROUTINGKEY}-%d{yyyy-MM-dd}-%i.log.gz">
						<PatternLayout>
							<pattern>%d %-5p [%c] %m%n</pattern>
						</PatternLayout>
						<Policies>
							<TimeBasedTriggeringPolicy interval="6" modulate="true" />
							<SizeBasedTriggeringPolicy size="250 MB" />
						</Policies>
					</RollingFile>
				</Route>
			</Routes>
		</Routing>
	</Appenders>

	<Loggers>
		<Logger name="org.apache" level="error" />
	    <Logger name="org.springframework.aop" level="error" />
		<Logger name="org.springframework.beans.factory" level="error" />
		<Logger name="org.springframework.core.env" level="error" />
		<Logger name="org.springframework.core.io" level="error" />
		<Logger name="org.springframework.jdbc.core.JdbcTemplate" level="error" />
		<Logger name="org.springframework.jdbc.datasource" level="error" />
		<Logger name="org.springframework.security" level="error" />
		<Logger name="org.springframework.web.context.support" level="error" />
		<Logger name="org.springframework.web.servlet" level="error" />
		<Logger name="net.sf.jasperreports" level="error" />
		<Logger name="net.sf.ehcache" level="error" />
		<Logger name="org.springframework.transaction" level="error" />
		<Logger name="com.github.dandelion" level="error" />
		<!-- <Logger name="org.apache.log4j.xml" level="debug"> <AppenderRef ref="RollingFile" 
			/> </Logger> -->
		<Root level="debug">
			<!-- <AppenderRef ref="RollingFile" /> -->
			<!-- <AppenderRef ref="databaseAppender" /> -->
			<AppenderRef ref="Routing" />
			<AppenderRef ref="STDOUT" />
		</Root>
	</Loggers>
</Configuration>